http://www.gao.gov/,Business
http://www.bookkeeperlist.com/,Business
http://www.smartpros.com/,Business
http://accounting.rutgers.edu/,Business
http://www.fasb.org/,Business
http://members.tripod.com/acct202/,Business
http://www.accountancy.com.pk/,Business
http://www.sec.gov/edgar.shtml,Business
http://72.3.167.244/,Business
http://www.aicpa.org/,Business
http://www.cica.ca/,Business
http://www.isaca.org/,Business
http://www.accountants.org.sg/,Business
http://www.icaa.org.au/,Business
http://www.icai.ie/,Business
http://www.icap.org.pk/,Business
http://www.jicpa.or.jp/index.html,Business
http://www.nasba.org/,Business
http://www.cma-canada.org/,Business
http://www.saica.co.za/,Business
http://www.naea.org/,Business
http://www.nysscpa.org/,Business
http://www.nabainc.org/,Business
http://www.mscpaonline.org,Business
http://ccaf-fcvi.com,Business
http://www.fwtscpa.org,Business
http://www.oscpa.com,Business
http://www.cocpa.org,Business
http://www.cipfa.org.uk,Business
http://afbc.org,Business
http://www.accountingweb.co.uk,Business
http://www.dfwsta.org,Business
http://www.herpersgowling.com/,Business
http://www.natptax.com/,Business
http://www.kasb.or.kr,Business
http://www.aiaponline.com,Business
http://www.treasurers.org,Business
http://www.icpas.org/,Business
http://www.ipaa.com.au,Business
http://www.imanet.org/,Business
http://www.andersenalumni.com,Business
http://www.autocpa.com/,Business
http://www.cpaindia.org,Business
http://www.missouri-accountants.com,Business
http://www.illinoisaccountants.com/,Business
http://www.acaus.org/,Business
http://www.accaglobal.com/,Business
http://www.fasna.org/,Business
http://www.cpa-europe.com/,Business
http://www.fee.be/,Business
http://www.cs.brandeis.edu/~dcc/,Computers
http://www.asilomarssc.org/,Computers
http://www.ifp.uiuc.edu/vlbv98/,Computers
http://icassp2000.sdsu.edu/,Computers
http://eivind.imm.dtu.dk/mmsp99/,Computers
http://dimacs.rutgers.edu/workshops/wgcompression/,Computers
http://sipi.usc.edu/,Computers
http://www-video.eecs.berkeley.edu/,Computers
http://amp.ece.cmu.edu,Computers
http://www.stanford.edu/group/compression/,Computers
http://ip.hhi.de/,Computers
http://www.ee.ucla.edu/~ipl/,Computers
http://www.ee.umn.edu/users/kieffer/,Computers
http://www.dogma.net/markn/,Computers
http://research.microsoft.com/users/dinei/,Computers
http://www.ece.cmu.edu/~tsuhan,Computers
http://www.cs.mu.oz.au/~alistair/,Computers
http://www.ee2.caltech.edu/faculty/effros/,Computers
http://www.cns.nyu.edu/~eero/,Computers
http://www.utdallas.edu/~aria/,Computers
http://www.ifp.uiuc.edu/~moulin/,Computers
http://www.ece.msstate.edu/~fowler/,Computers
http://www.gilchrist.ca/jeff/,Computers
http://alexvn.freeservers.com/s1/alexvn.html,Computers
http://sipi.usc.edu/~ortega/ortega.html,Computers
http://www.cs.brandeis.edu/~storer/,Computers
http://www.ross.net/compression/,Computers
http://www.cs.waikato.ac.nz/~ihw/,Computers
http://www.ee.unsw.edu.au/staff/taubman/profile.htm,Computers
http://alumnus.caltech.edu/~madler/,Computers
http://www-video.eecs.berkeley.edu/~avz/,Computers
http://www.cs.duke.edu/~jsv/papers/catalog/,Computers
http://wavelet.cwaip.nus.edu.sg/thamjy/,Computers
http://www.ece.nmsu.edu/people/creusere.html,Computers
http://www.psi.utoronto.ca/~frey/,Computers
http://www.data-compression.info/juergenabel/,Computers
http://cloanto.com/users/mcb/,Computers
http://www.cipr.rpi.edu/~pearlman,Computers
http://www.irisa.fr/temics/equipe/jegou,Computers
http://www.utdallas.edu/~aria/dance/index_old.html,Computers
http://ee.stanford.edu/~gray/,Computers
http://www.cosc.canterbury.ac.nz/tim.bell/,Computers
http://cobweb.ecn.purdue.edu/~ace/,Computers
http://www.princeton.edu/~verdu/,Computers
http://gailly.net/,Computers
http://www.hft-leipzig.de/~strutz/,Computers
http://www.cs.cmu.edu/afs/cs/project/cil/ftp/html/v-images.html,Computers
http://www.nlm.nih.gov/research/visible/visible_human.html,Computers
http://ndevilla.free.fr/lena/,Computers
http://www.cs.cmu.edu/~chuck/lennapg/,Computers
http://www.spelmagazijn.nl/uk/spelmag/switch.html,Games
http://www.csse.monash.edu.au/~debbiep/billabong/rtabrasa.html,Games
http://www.spelmagazijn.nl/uk/spelmag/6nimmt.html,Games
http://www.gamereport.com/tgr9/6nimmt.html,Games
http://www.gamecabinet.com/sumo/issue19/nimmt.html,Games
http://www.terra.es/personal2/u.roth/6n.htm,Games
http://www.wiltsgames.co.uk/6nimmt.html,Games
http://www.fwtwr.com/fwtdr/6nimmt/,Games
http://www.westpark-gamers.de/index.html?http://www.westpark-gamers.de/reviews/bericht58.html#game2,Games
http://www.onlinebrettspiele.de/old/6nimmt!/default.asp?l=en,Games
http://www.enginuity.com/target/,Games
http://www.terracrisis.com,Games
http://thatguygame.com/,Games
http://gamereport.com/tgr17/titanthearena.html,Games
http://www.panix.com/~sos/bc/titan.html,Games
http://www.geocities.com/buscocharlie/titan.html,Games
http://www.rpg.net/news+reviews/reviews/rev_153.html,Games
http://www.headtoheadbaseball.com/,Games
http://www.beertarot.com/drunks.htm,Games
http://tracsgame.com/,Games
http://www.centralconnector.com/games/speeduno.html,Games
http://www.centralconnector.com/games/unorules.html,Games
http://thehouseofcards.com/retail/uno.html,Games
http://www.centralconnector.com/games/unohearts.html,Games
http://www.stjost.si/uno/uno.htm,Games
http://www.brikkerogbrett.com/games/uno.shtml,Games
http://www.gamefaqs.com/portable/gbcolor/review/r5316.html,Games
http://www.geocities.com/hotdeathuno/html/wingame.html,Games
http://www.oursalvation.com/unity.htm,Games
http://www.westpark-gamers.de/en/index.html?../reviews/kap.html,Games
http://www.gamecabinet.com/sumo/issue14.15/wassticht.html,Games
http://www.gamereport.com/tgr12/wassticht.html,Games
http://www.centralconnector.com/games/waterworks.html,Games
http://www.wiltsgames.co.uk/waterworks.html,Games
http://www.eblong.com/zarf/werewolf.html,Games
http://www.princeton.edu/~mafia/,Games
http://www.stud.ntnu.no/groups/mafia/main.shtml,Games
http://www.wunderland.com/looneylabs/werewolf/index.html,Games
http://www.wizardcards.com/,Games
http://www.rpg.net/news+reviews/reviews/rev_4649.html,Games
http://thehouseofcards.com/retail/wizard.html,Games
http://www.biffleys.com/us%20games%20systems/wizard.htm,Games
http://www.funagain.com/cgi-bin/funagain/01488,Games
http://playzar.com,Games
http://www.hcs.harvard.edu/~dholland/zar.html,Games
http://freespace.virgin.net/chris.lawson/rk/zero/index.htm,Games
http://www.zetre.com,Games
http://www.geocities.com/timessquare/2767/,Games
http://www.pagat.com/last/,Games
http://www.the45scardgame.com/,Games
