http://youtube.com,	Arts and Entertainment
http://netflix.com,	Arts and Entertainment
http://fandom.com,	Arts and Entertainment
http://imdb.com,	Arts and Entertainment
http://youtu.be,	Arts and Entertainment
http://bilibili.com,	Arts and Entertainment
http://youku.com,	Arts and Entertainment
http://dailymotion.com,	Arts and Entertainment
http://spotify.com,	Arts and Entertainment
http://nicovideo.jp,	Arts and Entertainment
http://soundcloud.com,	Arts and Entertainment
http://douban.com,	Arts and Entertainment
http://pixiv.net,	Arts and Entertainment
http://archiveofourown.org,	Arts and Entertainment
http://deviantart.com,	Arts and Entertainment
http://xfinity.com,	Arts and Entertainment
http://fanfiction.net,	Arts and Entertainment
http://syosetu.com,	Arts and Entertainment
http://vimeo.com,	Arts and Entertainment
http://hulu.com,	Arts and Entertainment
http://hotstar.com,	Arts and Entertainment
http://twimg.com,	Arts and Entertainment
http://animeflv.net,	Arts and Entertainment
http://9gag.com,	Arts and Entertainment
http://wattpad.com,	Arts and Entertainment
http://kissanime.ru,	Arts and Entertainment
http://mp3juices.cc,	Arts and Entertainment
http://pinimg.com,	Arts and Entertainment
http://pikabu.ru,	Arts and Entertainment
http://ecosia.org,	Arts and Entertainment
http://2345.com,	Arts and Entertainment
http://vesti.ru,	Arts and Entertainment
http://hdrezka.ag,	Arts and Entertainment
http://kinopoisk.ru,	Arts and Entertainment
http://flvto.biz,	Arts and Entertainment
http://genius.com,	Arts and Entertainment
http://go.com,	Arts and Entertainment
http://myanimelist.net,	Arts and Entertainment
http://change.org,	Arts and Entertainment
http://ytmp3.cc,	Arts and Entertainment
http://mangarock.com,	Arts and Entertainment
http://gfycat.com,	Arts and Entertainment
http://crunchyroll.com,	Arts and Entertainment
http://npr.org,	Arts and Entertainment
http://liputan6.com,	Arts and Entertainment
http://google.se,	Arts and Entertainment
http://mangakakalot.com,	Arts and Entertainment
http://phimmoi.net,	Arts and Entertainment
http://nhk.or,	Arts and Entertainment
http://mediaset.it,	Arts and Entertainment
http://ultimate-guitar.com,	Arts and Entertainment
http://rottentomatoes.com,	Arts and Entertainment
http://ivi.ru,http://egy.best,	Arts and Entertainment
http://freepik.com,	Arts and Entertainment
http://music.yandex,	Arts and Entertainment
http://giphy.com,http://gogoanime.io,	Arts and Entertainment
http://bookmyshow.com,	Arts and Entertainment
http://cbc.ca,	Arts and Entertainment
http://programme-tv.net,	Arts and Entertainment
http://tvn24.pl,	Arts and Entertainment
http://movie.douban,	Arts and Entertainment
http://sky.com,	Arts and Entertainment
http://discogs.com,	Arts and Entertainment
http://tenki.jp,	Arts and Entertainment
http://manganelo.com,	Arts and Entertainment
http://dcinside.com,	Arts and Entertainment
http://gaana.com,	Arts and Entertainment
http://letras.mus,	Arts and Entertainment
http://seasonvar.ru,	Arts and Entertainment
http://kissasian.sh,	Arts and Entertainment
http://dmkt-sp.jp,	Arts and Entertainment
http://ficbook.net,	Arts and Entertainment
http://issuu.com,	Arts and Entertainment
http://cda.pl,	Arts and Entertainment
http://qidian.com,	Arts and Entertainment
http://tubidy.mobi,	Arts and Entertainment
http://allocine.fr,	Arts and Entertainment
http://pandora.com,	Arts and Entertainment
http://swatchseries.to,	Arts and Entertainment
http://subscene.com,	Arts and Entertainment
http://webtoons.com,	Arts and Entertainment
http://behance.net,	Arts and Entertainment
http://yandex.kz,	Arts and Entertainment
http://tudou.com,	Arts and Entertainment
http://bandcamp.com,	Arts and Entertainment
http://fmovies.to,	Arts and Entertainment
http://pelisplus.co,	Arts and Entertainment
http://eztv.io,	Arts and Entertainment
http://pudelek.pl,	Arts and Entertainment
http://worldstarhiphop.com,	Arts and Entertainment
http://ranker.com,	Arts and Entertainment
http://streamango.com,	Arts and Entertainment
http://bfmtv.com,	Arts and Entertainment
http://mangadex.org,	Arts and Entertainment
http://kugou.com,	Arts and Entertainment
http://kissmanga.com,	Arts and Entertainment
http://cinecalidad.to,	Arts and Entertainment
http://syosetu.org	Arts and Entertainment
http://tsyndicate.com,	Business and Consumer
http://zillow.com,	Business and Consumer
http://usps.com,	Business and Consumer
http://ups.com,	Business and Consumer
http://fedex.com,	Business and Consumer
http://realtor.com,	Business and Consumer
http://myshopify.com,	Business and Consumer
http://rightmove.co,	Business and Consumer
http://shopify.com,	Business and Consumer
http://impress.co,	Business and Consumer
http://trulia.com,	Business and Consumer
http://dhl.de,	Business and Consumer
http://qualtrics.com,	Business and Consumer
http://springer.com,	Business and Consumer
http://redfin.com,	Business and Consumer
http://wp.com,	Business and Consumer
http://gemius.com,	Business and Consumer
http://17track.net,	Business and Consumer
http://pochta.ru,	Business and Consumer
http://liftoff.io,	Business and Consumer
http://service-now.com,	Business and Consumer
http://immobilienscout24.de,	Business and Consumer
http://hubspot.com,	Business and Consumer
http://kuronekoyamato.co,	Business and Consumer
http://docusign.net,	Business and Consumer
http://idealista.com,	Business and Consumer
http://zoopla.co,	Business and Consumer
http://cian.ru,	Business and Consumer
http://realestate.com,	Business and Consumer
http://cint.com,	Business and Consumer
http://ssisurveys.com,	Business and Consumer
http://apartments.com,	Business and Consumer
http://chatwork.com,	Business and Consumer
http://samplicio.us,	Business and Consumer
http://constantcontact.com,	Business and Consumer
http://squareup.com,	Business and Consumer
http://immobiliare.it,	Business and Consumer
http://dhl.com,	Business and Consumer
http://jorudan.co,	Business and Consumer
http://researchnow.com,	Business and Consumer
http://ipsosinteractive.com,	Business and Consumer
http://thewhizmarketing.com,	Business and Consumer
http://suumo.jp,	Business and Consumer
http://clickfunnels.com,	Business and Consumer
http://inc.com,	Business and Consumer
http://spokeo.com,	Business and Consumer
http://funda.nl,	Business and Consumer
http://fang.com,	Business and Consumer
http://cybozu.com,	Business and Consumer
http://anjuke.com,	Business and Consumer
http://medallia.com,	Business and Consumer
http://a-i-ad.com,	Business and Consumer
http://ycombinator.com,	Business and Consumer
http://homes.co,	Business and Consumer
http://sagawa-exp.co,	Business and Consumer
http://gdeposylka.ru,	Business and Consumer
http://basecamp.com,	Business and Consumer
http://track24.ru,	Business and Consumer
http://societe.com,	Business and Consumer
http://myvisualiq.net,	Business and Consumer
http://rs6.net,	Business and Consumer
http://immowelt.de,	Business and Consumer
http://calameo.com,	Business and Consumer
http://dpd.de,	Business and Consumer
http://rusprofile.ru,	Business and Consumer
http://staples.com,	Business and Consumer
http://macromill.com,	Business and Consumer
http://seloger.com,	Business and Consumer
http://hootsuite.com,	Business and Consumer
http://accenture.com,	Business and Consumer
http://otodom.pl,	Business and Consumer
http://fotocasa.es,	Business and Consumer
http://sbis.ru,	Business and Consumer
http://hotschedules.com,	Business and Consumer
http://sf-express.com,	Business and Consumer
http://manychat.com,	Business and Consumer
http://onthemarket.com,	Business and Consumer
http://clickmon.co,	Business and Consumer
http://aftership.com,	Business and Consumer
http://mlsmatrix.com,	Business and Consumer
http://ktrmr.com,	Business and Consumer
http://vivareal.com,	Business and Consumer
http://hurriyetemlak.com,	Business and Consumer
http://gls-group.eu,	Business and Consumer
http://hemnet.se,	Business and Consumer
http://decipherinc.com,	Business and Consumer
http://domain.com,	Business and Consumer
http://statista.com,	Business and Consumer
http://inpost.pl,	Business and Consumer
http://dhlglobalmail.com,	Business and Consumer
http://zestradar.com,	Business and Consumer
http://genndi.com,	Business and Consumer
http://parcelsapp.com,	Business and Consumer
http://newsmemory.com,	Business and Consumer
http://officedepot.com,	Business and Consumer
http://nend.net,	Business and Consumer
http://innovid.com,	Business and Consumer
http://jreast.co,	Business and Consumer
http://ptt.gov,	Business and Consumer
http://smartnews-ads.com]	Business and Consumer
http://google.com,	Computer Electronics and Technology
http://facebook.com,	Computer Electronics and Technology
http://baidu.com,	Computer Electronics and Technology
http://twitter.com,	Computer Electronics and Technology
http://instagram.com,	Computer Electronics and Technology
http://yandex.ru,	Computer Electronics and Technology
http://ampproject.org,	Computer Electronics and Technology
http://live.com,	Computer Electronics and Technology
http://vk.com,	Computer Electronics and Technology
http://whatsapp.com,	Computer Electronics and Technology
http://mail.ru,	Computer Electronics and Technology
http://reddit.com,	Computer Electronics and Technology
http://bing.com,	Computer Electronics and Technology
http://google.com,	Computer Electronics and Technology
http://ok.ru,	Computer Electronics and Technology
http://bit.ly,	Computer Electronics and Technology
http://linkedin.com,	Computer Electronics and Technology
http://sogou.com,	Computer Electronics and Technology
http://samsung.com,	Computer Electronics and Technology
http://office.com,	Computer Electronics and Technology
http://google.de,	Computer Electronics and Technology
http://pinterest.com,	Computer Electronics and Technology
http://microsoft.com,	Computer Electronics and Technology
http://sm.cn,	Computer Electronics and Technology
http://microsoftonline.com,	Computer Electronics and Technology
http://google.co,	Computer Electronics and Technology
http://google.fr,	Computer Electronics and Technology
http://github.com,	Computer Electronics and Technology
http://wordpress.com,	Computer Electronics and Technology
http://google.co,	Computer Electronics and Technology
http://docomo.ne,	Computer Electronics and Technology
http://google.co,	Computer Electronics and Technology
http://google.it,	Computer Electronics and Technology
http://10086.cn,	Computer Electronics and Technology
http://duckduckgo.com,	Computer Electronics and Technology
http://apple.com,	Computer Electronics and Technology
http://taboola.com,	Computer Electronics and Technology
http://google.es,	Computer Electronics and Technology
http://google.com,	Computer Electronics and Technology
http://imgur.com,	Computer Electronics and Technology
http://google.ru,	Computer Electronics and Technology
http://fc2.com,	Computer Electronics and Technology
http://google.pl,	Computer Electronics and Technology
http://tumblr.com,	Computer Electronics and Technology
http://adobe.com,	Computer Electronics and Technology
http://stackoverflow.com,	Computer Electronics and Technology
http://outbrain.com,	Computer Electronics and Technology
http://google.ca,	Computer Electronics and Technology
http://mediafire.com,	Computer Electronics and Technology
http://360.cn,	Computer Electronics and Technology
http://googleweblight.com,	Computer Electronics and Technology
http://miui.com,	Computer Electronics and Technology
http://google.com,	Computer Electronics and Technology
http://mega.nz,	Computer Electronics and Technology
http://line.me,	Computer Electronics and Technology
http://dropbox.com,	Computer Electronics and Technology
http://zhihu.com,	Computer Electronics and Technology
http://goo.gl,	Computer Electronics and Technology
http://uptodown.com,	Computer Electronics and Technology
http://auone.jp,	Computer Electronics and Technology
http://csdn.net,	Computer Electronics and Technology
http://hao123.com,	Computer Electronics and Technology
http://messenger.com,	Computer Electronics and Technology
http://att.net,	Computer Electronics and Technology
http://weibo.com,	Computer Electronics and Technology
http://daum.net,	Computer Electronics and Technology
http://medium.com,	Computer Electronics and Technology
http://aol.com,	Computer Electronics and Technology
http://seznam.cz,	Computer Electronics and Technology
http://ameblo.jp,	Computer Electronics and Technology
http://weibo.cn,	Computer Electronics and Technology
http://sharepoint.com,	Computer Electronics and Technology
http://ipfounder.net,	Computer Electronics and Technology
http://special-offers.online,	Computer Electronics and Technology
http://google.co,	Computer Electronics and Technology
http://google.com,	Computer Electronics and Technology
http://orange.fr,	Computer Electronics and Technology
http://onlinevideoconverter.com,	Computer Electronics and Technology
http://stackexchange.com,	Computer Electronics and Technology
http://apkpure.com,	Computer Electronics and Technology
http://mirmay.com,	Computer Electronics and Technology
http://mozilla.org,	Computer Electronics and Technology
http://google.com,	Computer Electronics and Technology
http://openload.co,	Computer Electronics and Technology
http://office365.com,	Computer Electronics and Technology
http://google.com,	Computer Electronics and Technology
http://google.nl,	Computer Electronics and Technology
http://slideshare.net,	Computer Electronics and Technology
http://blog.jp,	Computer Electronics and Technology
http://savefrom.net,	Computer Electronics and Technology
http://list-manage.com,	Computer Electronics and Technology
http://google.co.th,	Computer Electronics and Technology
http://google.com.tw,	Computer Electronics and Technology
http://google.com.hk,	Computer Electronics and Technology
http://wetransfer.com,	Computer Electronics and Technology
http://bp.blogspot,	Computer Electronics and Technology
http://t-mobile.com,	Computer Electronics and Technology
http://att.com,	Computer Electronics and Technology
http://cnet.com,	Computer Electronics and Technology
http://google.com.ua	Computer Electronics and Technology
http://amazon.com,	E-commerce and Shopping
http://ebay.com,	E-commerce and Shopping
http://aliexpress.com,	E-commerce and Shopping
http://taobao.com,	E-commerce and Shopping
http://amazon.co.jp,	E-commerce and Shopping
http://amazon.de,	E-commerce and Shopping
http://amazon.co.uk,	E-commerce and Shopping
http://craigslist.org,	E-commerce and Shopping
http://amazon.in,	E-commerce and Shopping
http://rakuten.co.jp,	E-commerce and Shopping
http://ebay.co.uk,	E-commerce and Shopping
http://mercadolivre.com.br,	E-commerce and Shopping
http://walmart.com,	E-commerce and Shopping
http://avito.ru,	E-commerce and Shopping
http://jd.com,	E-commerce and Shopping
http://tmall.com,	E-commerce and Shopping
http://ebay.de,	E-commerce and Shopping
http://allegro.pl,	E-commerce and Shopping
http://flipkart.com,	E-commerce and Shopping
http://amazon.fr,	E-commerce and Shopping
http://etsy.com,	E-commerce and Shopping
http://amazon.it,	E-commerce and Shopping
http://leboncoin.fr,	E-commerce and Shopping
http://amazon.es,	E-commerce and Shopping
http://tokopedia.com,	E-commerce and Shopping
http://ebay-kleinanzeigen.de,	E-commerce and Shopping
http://mercadolibre.com.ar,	E-commerce and Shopping
http://olx.pl,	E-commerce and Shopping
http://amazon.ca,	E-commerce and Shopping
http://market.yandex.ru,	E-commerce and Shopping
http://sahibinden.com,	E-commerce and Shopping
http://mercadolibre.com.mx,	E-commerce and Shopping
http://americanas.com.br,	E-commerce and Shopping
http://alibaba.com,	E-commerce and Shopping
http://target.com,	E-commerce and Shopping
http://olx.com.br,	E-commerce and Shopping
http://58.com,	E-commerce and Shopping
http://dmm.com,	E-commerce and Shopping
http://shopee.co.id,	E-commerce and Shopping
http://bukalapak.com,	E-commerce and Shopping
http://kakaku.com,	E-commerce and Shopping
http://olx.ua,	E-commerce and Shopping
http://snapdeal.com,	E-commerce and Shopping
http://hepsiburada.com,	E-commerce and Shopping
http://ebaydesc.com,	E-commerce and Shopping
http://shopping.yahoo.co.jp,	E-commerce and Shopping
http://n11.com,	E-commerce and Shopping
http://wish.com,	E-commerce and Shopping
http://ebay.com.au,	E-commerce and Shopping
http://wildberries.ru,	E-commerce and Shopping
http://kijiji.ca,	E-commerce and Shopping
http://ebay.it,	E-commerce and Shopping
http://1688.com,	E-commerce and Shopping
http://subito.it,	E-commerce and Shopping
http://wayfair.com,	E-commerce and Shopping
http://slickdeals.net,	E-commerce and Shopping
http://milanuncios.com,	E-commerce and Shopping
http://banggood.com,	E-commerce and Shopping
http://amazon.com.br,	E-commerce and Shopping
http://cdiscount.com,	E-commerce and Shopping
http://costco.com,	E-commerce and Shopping
http://olx.co.id,	E-commerce and Shopping
http://gittigidiyor.com,	E-commerce and Shopping
http://prom.ua,	E-commerce and Shopping
http://souq.com,	E-commerce and Shopping
http://mercari.com,	E-commerce and Shopping
http://ozon.ru,	E-commerce and Shopping
http://argos.co.uk,	E-commerce and Shopping
http://ebay.fr,	E-commerce and Shopping
http://ceneo.pl,	E-commerce and Shopping
http://otomoto.pl,	E-commerce and Shopping
http://magazineluiza.com.br,	E-commerce and Shopping
http://lazada.co.id,	E-commerce and Shopping
http://amzn.to,	E-commerce and Shopping
http://gumtree.com,	E-commerce and Shopping
http://eventbrite.com,	E-commerce and Shopping
http://rozetka.com.ua,	E-commerce and Shopping
http://otto.de,	E-commerce and Shopping
http://lazada.co.th,	E-commerce and Shopping
http://groupon.com,	E-commerce and Shopping
http://kohls.com,	E-commerce and Shopping
http://paytm.com,	E-commerce and Shopping
http://amazon.com.mx,	E-commerce and Shopping
http://dns-shop.ru,	E-commerce and Shopping
http://marktplaats.nl,	E-commerce and Shopping
http://bol.com,	E-commerce and Shopping
http://idealo.de,	E-commerce and Shopping
http://finn.no,	E-commerce and Shopping
http://ticketmaster.com,	E-commerce and Shopping
http://gumtree.com.au,	E-commerce and Shopping
http://smzdm.com,	E-commerce and Shopping
http://shopee.vn,	E-commerce and Shopping
http://mercadolibre.com.co,	E-commerce and Shopping
http://youla.ru,	E-commerce and Shopping
http://shopping.naver.com,	E-commerce and Shopping
http://ruten.com.tw,	E-commerce and Shopping
http://shopee.tw,	E-commerce and Shopping
http://blibli.com,	E-commerce and Shopping
http://casasbahia.com.br,	E-commerce and Shopping
http://amazon.cn	E-commerce and Shopping
http://yahoo.com,	News and Media
http://qq.com,	News and Media
http://yahoo.co.jp,	News and Media
http://msn.com,	News and Media
http://naver.com,	News and Media
http://globo.com,	News and Media
http://bbc.co.uk,	News and Media
http://uol.com.br,	News and Media
http://yidianzixun.com,	News and Media
http://sohu.com,	News and Media
http://news.google.com,	News and Media
http://cnn.com,	News and Media
http://tribunnews.com,	News and Media
http://iqiyi.com,	News and Media
http://bbc.com,	News and Media
http://news.yahoo.co.jp,	News and Media
http://toutiao.com,	News and Media
http://foxnews.com,	News and Media
http://news.yandex.ru,	News and Media
http://detik.com,	News and Media
http://nytimes.com,	News and Media
http://163.com,	News and Media
http://wp.pl,	News and Media
http://sina.cn,	News and Media
http://theguardian.com,	News and Media
http://dailymail.co.uk,	News and Media
http://onet.pl,	News and Media
http://sina.com.cn,	News and Media
http://livedoor.jp,	News and Media
http://news.mail.ru,	News and Media
http://news.yahoo.com,	News and Media
http://ifeng.com,	News and Media
http://rambler.ru,	News and Media
http://interia.pl,	News and Media
http://rt.com,	News and Media
http://365yg.com,	News and Media
http://t-online.de,	News and Media
http://washingtonpost.com,	News and Media
http://goo.ne.jp,	News and Media
http://kompas.com,	News and Media
http://vnexpress.net,	News and Media
http://sozcu.com.tr,	News and Media
http://indiatimes.com,	News and Media
http://livejournal.com,	News and Media
http://elpais.com,	News and Media
http://ndtv.com,	News and Media
http://bild.de,	News and Media
http://lenta.ru,	News and Media
http://uczzd.cn,	News and Media
http://ukr.net,	News and Media
http://drudgereport.com,	News and Media
http://hurriyet.com.tr,	News and Media
http://naver.jp,	News and Media
http://timesofindia.com,	News and Media
http://ria.ru,	News and Media
http://express.co.uk,	News and Media
http://infobae.com,	News and Media
http://pixnet.net,	News and Media
http://livedoor.com,	News and Media
http://sabah.com.tr,	News and Media
http://news.naver.com,	News and Media
http://buzzfeed.com,	News and Media
http://usatoday.com,	News and Media
http://repubblica.it,	News and Media
http://spiegel.de,	News and Media
http://zing.vn,	News and Media
http://elmundo.es,	News and Media
http://news.detik.com,	News and Media
http://huffpost.com,	News and Media
http://kenh14.vn,	News and Media
http://news18.com,	News and Media
http://cnbc.com,	News and Media
http://24h.com.vn,	News and Media
http://news.rambler.ru,	News and Media
http://rbc.ru,	News and Media
http://haberturk.com,	News and Media
http://lefigaro.fr,	News and Media
http://gazeta.ru,	News and Media
http://news.livedoor.com,	News and Media
http://gazeta.pl,	News and Media
http://sputniknews.com,	News and Media
http://udn.com,	News and Media
http://lemonde.fr,	News and Media
http://mynet.com,	News and Media
http://o2.pl,	News and Media
http://edition.cnn.com,	News and Media
http://livedoor.biz,	News and Media
http://independent.co.uk,	News and Media
http://abril.com.br,	News and Media
http://nypost.com,	News and Media
http://news.zing.vn,	News and Media
http://folha.uol.com.br,	News and Media
http://thesun.co.uk,	News and Media
http://google.gr,	News and Media
http://telegraph.co.uk,	News and Media
http://appledaily.com,	News and Media
http://firefoxchina.cn,	News and Media
http://kp.ru,	News and Media
http://abc.es,	News and Media
http://breitbart.com	News and Media
http://accuweather.com,	Science and Education
http://weather.com,	Science and Education
http://gismeteo.ru,	Science and Education
http://researchgate.net,	Science and Education
http://instructure.com,	Science and Education
http://scribd.com,	Science and Education
http://academia.edu,	Science and Education
http://brainly.co.id,	Science and Education
http://sinoptik.ua,	Science and Education
http://archive.org,	Science and Education
http://goodreads.com,	Science and Education
http://wunderground.com,	Science and Education
http://quizlet.com,	Science and Education
http://weather.gov,	Science and Education
http://weather.yahoo.co.jp,	Science and Education
http://zybang.com,	Science and Education
http://blackboard.com,	Science and Education
http://weather.com.cn,	Science and Education
http://znanija.com,	Science and Education
http://cambridge.org,	Science and Education
http://gismeteo.ua,	Science and Education
http://ilmeteo.it,	Science and Education
http://brainly.com.br,	Science and Education
http://duolingo.com,	Science and Education
http://dnevnik.ru,	Science and Education
http://khanacademy.org,	Science and Education
http://wetter.com,	Science and Education
http://eltiempo.es,	Science and Education
http://theweathernetwork.com,	Science and Education
http://3bmeteo.com,	Science and Education
http://sdamgia.ru,	Science and Education
http://timeanddate.com,	Science and Education
http://wiley.com,	Science and Education
http://mit.edu,	Science and Education
http://wetteronline.de,	Science and Education
http://elsevier.com,	Science and Education
http://infourok.ru,	Science and Education
http://harvard.edu,	Science and Education
http://monografias.com,	Science and Education
http://librus.pl,	Science and Education
http://doodle.com,	Science and Education
http://coursera.org,	Science and Education
http://chegg.com,	Science and Education
http://nasa.gov,	Science and Education
http://nature.com,	Science and Education
http://studfiles.net,	Science and Education
http://coursehero.com,	Science and Education
http://thoughtco.com,	Science and Education
http://inep.gov.br,	Science and Education
http://nsportal.ru,	Science and Education
http://collegedunia.com,	Science and Education
http://index-education.net,	Science and Education
http://jstor.org,	Science and Education
http://gdz.ru,	Science and Education
http://stanford.edu,	Science and Education
http://study.com,	Science and Education
http://sci-hub.tw,	Science and Education
http://tandfonline.com,	Science and Education
http://weathercn.com,	Science and Education
http://school.mosreg.ru,	Science and Education
http://brainly.lat,	Science and Education
http://arxiv.org,	Science and Education
http://vietjack.com,	Science and Education
http://brainly.in,	Science and Education
http://weather.gc.ca,	Science and Education
http://metoffice.gov.uk,	Science and Education
http://wetter.de,	Science and Education
http://ted.com,	Science and Education
http://eodev.com,	Science and Education
http://overleaf.com,	Science and Education
http://ieee.org,	Science and Education
http://oup.com,	Science and Education
http://unam.mx,	Science and Education
http://noaa.gov,	Science and Education
http://cnki.net,	Science and Education
http://idokep.hu,	Science and Education
http://aglasem.com,	Science and Education
http://rp5.ua,	Science and Education
http://nationalinterest.org,	Science and Education
http://brasilescola.uol.com.br,	Science and Education
http://benesse.ne.jp,	Science and Education
http://psu.edu,	Science and Education
http://mathworks.com,	Science and Education
http://cwb.gov.tw,	Science and Education
http://schoology.com,	Science and Education
http://passeidireto.com,	Science and Education
http://mylife.com,	Science and Education
http://meteociel.fr,	Science and Education
http://howstuffworks.com,	Science and Education
http://xing.com,	Science and Education
http://megaresheba.ru,	Science and Education
http://semanticscholar.org,	Science and Education
http://sagepub.com,	Sports
http://usp.br,	Sports
http://berkeley.edu,	Sports
http://exlibrisgroup.com,	Sports
http://livescience.com,	Sports
http://1010jiajiao.com,	Sports
http://jagranjosh.com,	Sports
http://osym.gov.tr	Sports
http://cricbuzz.com,	Sports
http://espn.com,	Sports
http://marca.com,	Sports
http://as.com,	Sports
http://dream11.com,	Sports
http://livescore.com,	Sports
http://mlb.com,	Sports
http://espncricinfo.com,	Sports
http://hupu.com,	Sports
http://sports.yahoo.com,	Sports
http://sports.naver.com,	Sports
http://kooora.com,	Sports
http://sports.yahoo.co.jp,	Sports
http://gazzetta.it,	Sports
http://nba.com,	Sports
http://cbssports.com,	Sports
http://lequipe.fr,	Sports
http://championat.com,	Sports
http://yr.no,	Sports
http://sports.sina.cn,	Sports
http://esporte.uol.com.br,	Sports
http://nhl.com,	Sports
http://skysports.com,	Sports
http://goal.com,	Sports
http://premierleague.com,	Sports
http://bleacherreport.com,	Sports
http://betman.co.kr,	Sports
http://sport.onet.pl,	Sports
http://mundodeportivo.com,	Sports
http://nfl.com,	Sports
http://nbcsports.com,	Sports
http://zhibo8.cc,	Sports
http://247sports.com,	Sports
http://sports.ru,	Sports
http://nikkansports.com,	Sports
http://kicker.de,	Sports
http://ole.com.ar,	Sports
http://sportbox.ru,	Sports
http://news.sportbox.ru,	Sports
http://diretta.it,	Sports
http://flashscore.com,	Sports
http://iplt20.com,	Sports
http://yallakora.com,	Sports
http://diariogol.com,	Sports
http://sport.es,	Sports
http://sport.cz,	Sports
http://strava.com,	Sports
http://varzesh3.com,	Sports
http://abola.pt,	Sports
http://garmin.com,	Sports
http://sport.pl,	Sports
http://sport-express.ru,	Sports
http://netshoes.com.br,	Sports
http://sofascore.com,	Sports
http://sports.qq.com,	Sports
http://yalla-shoot.com,	Sports
http://filgoal.com,	Sports
http://90min.com,	Sports
http://sports.sina.com.cn,	Sports
http://sport.interia.pl,	Sports
http://flashscore.pl,	Sports
http://deadspin.com,	Sports
http://wwe.com,	Sports
http://bola.net,	Sports
http://dazn.com,	Sports
http://espn.com.br,	Sports
http://footmercato.net,	Sports
http://mismarcadores.com,	Sports
http://siamsport.co.th,	Sports
http://sport24.gr,	Sports
http://soccerway.com,	Sports
http://sportsdirect.com,	Sports
http://hochi.news,	Sports
http://matchtv.ru,	Sports
http://rei.com,	Sports
http://sport1.de,	Sports
http://ripple.is,	Sports
http://tuttosport.com,	Sports
http://mackolik.com,	Sports
http://calciomercato.com,	Sports
http://dickssportinggoods.com,	Sports
http://soccer.yahoo.co.jp,	Sports
http://digisport.ro,	Sports
http://transfermarkt.de,	Sports
http://sports.ndtv.com,	Sports
http://totalsportek.com,	Sports
http://sportskeeda.com,	Sports
http://foot01.com,	Sports
http://gsp.ro,	Sports
http://depor.com,	Sports
http://theringer.com,	Sports
http://fanatik.com.tr,	Sports
http://sporx.com,	Sports
http://corrieredellosport.it,	Sports
http://afl.com.au,	Sports
http://promiedos.com.ar,	Sports
http://sportinglife.com,	Sports
http://bongdaso.com,	Sports
http://rivals.com,	Sports
http://livesport.ws	Sports
http://medscape.com,	Medicine
http://msdmanuals.com,	Medicine
http://haodf.com,	Medicine
http://clevelandclinic.org,	Medicine
http://bmj.com,	Medicine
http://mp.pl,	Medicine
http://kp.org,	Medicine
http://health.usnews.com,	Medicine
http://vitals.com,	Medicine
http://jamanetwork.com,	Medicine
http://hopkinsmedicine.org,	Medicine
http://emedicinehealth.com,	Medicine
http://med.or.jp,	Medicine
http://studentdoctor.net,	Medicine
http://iqhealth.com,	Medicine
http://sutterhealth.org,	Medicine
http://aafp.org,	Medicine
http://providence.org,	Medicine
http://amboss.com,	Medicine
http://103.by,	Medicine
http://upmc.com,	Medicine
http://ovid.com,	Medicine
http://humanitas.it,	Medicine
http://helianhealth.com,	Medicine
http://invitro.ru,	Medicine
http://aao.org,	Medicine
http://aaos.org,	Medicine
http://emias.info,	Medicine
http://aamc.org,	Medicine
http://aad.org,	Medicine
http://uofmhealth.org,	Medicine
http://mskcc.org,	Medicine
http://partners.org,	Medicine
http://rush.edu,	Medicine
http://prvademecum.com,	Medicine
http://uclahealth.org,	Medicine
http://unitypoint.org,	Medicine
http://myclinic.ne.jp,	Medicine
http://revmed.ch,	Medicine
http://leyue100.com,	Medicine
http://intramed.net,	Medicine
http://radiologyinfo.org,	Medicine
http://medcity.net,	Medicine
http://fdoc.jp,	Medicine
http://intermountainhealthcare.org,	Medicine
http://physio-pedia.com,	Medicine
http://bswhealth.com,	Medicine
http://prometric.com,	Medicine
http://teachmeanatomy.info,	Medicine
http://redcrossblood.org,	Medicine
http://osmosis.org,	Medicine
http://stanfordhealthcare.org,	Medicine
http://umin.ac.jp,	Medicine
http://rsna.org,	Medicine
http://passmedicine.com,	Medicine
http://ama-assn.org,	Medicine
http://inkling.com,	Medicine
http://onlinemeded.org,	Medicine
http://inserm.fr,	Medicine
http://ascension.org,	Medicine
http://acibadem.com.tr,	Medicine
http://airc.it,	Medicine
http://thieme.de,	Medicine
http://chop.edu,	Medicine
http://ncvc.go.jp,	Medicine
http://cgmh.org.tw,	Medicine
http://seattlechildrens.org,	Medicine
http://nurse24.it,	Medicine
http://nyp.org,	Medicine
http://joa.or.jp,	Medicine
http://uwmedicine.org,	Medicine
http://kenhub.com,	Medicine
http://salute.gov.it,	Medicine
http://bannerhealth.com,	Medicine
http://quotidianosanita.it,	Medicine
http://uchealth.org,	Medicine
http://klinikbewertungen.de,	Medicine
http://amion.com,	Medicine
http://kevinmd.com,	Medicine
http://k-vrachu.ru,	Medicine
http://webapteka.ru,	Medicine
http://dermatol.or.jp,	Medicine
http://geekymedics.com,	Medicine
http://jhf.or.jp,	Medicine
http://jrs.or.jp,	Medicine
http://rch.org.au,	Medicine
http://materdomini.it,	Medicine
http://mozdocs.kiev.ua,	Medicine
http://ucsfhealth.org,	Medicine
http://doveecomemicuro.it,	Medicine
http://boardsbeyond.com,	Medicine
http://dignityhealth.org,	Medicine
http://weisse-liste.de,	Medicine
http://tokushukai.or.jp,	Medicine
http://mayo.edu,	Medicine
http://jwatch.org,	Medicine
http://uwhealth.org,	Medicine
http://turkiyeklinikleri.com,	Medicine
http://zysj.com.cn,	Medicine
http://acponline.org	Medicine
http://cookpad.com,	Food and Drink
http://tabelog.com,	Food and Drink
http://allrecipes.com,	Food and Drink
http://otzovik.com,	Food and Drink
http://hotpepper.jp,	Food and Drink
http://chefkoch.de,	Food and Drink
http://giallozafferano.it,	Food and Drink
http://marmiton.org,	Food and Drink
http://dianping.com,	Food and Drink
http://zomato.com,	Food and Drink
http://gnavi.co.jp,	Food and Drink
http://business.site,	Food and Drink
http://tinkoff.ru,	Food and Drink
http://dominos.com,	Food and Drink
http://mcdonalds.com,	Food and Drink
http://tesco.com,	Food and Drink
http://asda.com,	Food and Drink
http://foodnetwork.com,	Food and Drink
http://retty.me,	Food and Drink
http://pizzahut.com,	Food and Drink
http://kroger.com,	Food and Drink
http://tasteofhome.com,	Food and Drink
http://journaldesfemmes.fr,	Food and Drink
http://aarki.net,	Food and Drink
http://meteomedia.com,	Food and Drink
http://trilltrill.jp,	Food and Drink
http://yemeksepeti.com,	Food and Drink
http://doordash.com,	Food and Drink
http://ubereats.com,	Food and Drink
http://delish.com,	Food and Drink
http://russianfood.com,	Food and Drink
http://bbcgoodfood.com,	Food and Drink
http://tudogostoso.com.br,	Food and Drink
http://thespruce.com,	Food and Drink
http://grubhub.com,	Food and Drink
http://recruit.co.jp,	Food and Drink
http://attwifi.com,	Food and Drink
http://thespruceeats.com,	Food and Drink
http://sainsburys.co.uk,	Food and Drink
http://opossumsauce.com,	Food and Drink
http://just-eat.co.uk,	Food and Drink
http://starbucks.com,	Food and Drink
http://opentable.com,	Food and Drink
http://cuisineaz.com,	Food and Drink
http://macaro-ni.jp,	Food and Drink
http://edimdoma.ru,	Food and Drink
http://canalblog.com,	Food and Drink
http://thekitchn.com,	Food and Drink
http://yahoo.com.tw,	Food and Drink
http://swiggy.com,	Food and Drink
http://nefisyemektarifleri.com,	Food and Drink
http://woolworths.com.au,	Food and Drink
http://soaphub.com,	Food and Drink
http://kwestiasmaku.com,	Food and Drink
http://povarenok.ru,	Food and Drink
http://ah.nl,	Food and Drink
http://smaker.pl,	Food and Drink
http://wiwide.com,	Food and Drink
http://geniuskitchen.com,	Food and Drink
http://instacart.com,	Food and Drink
http://ofeminin.pl,	Food and Drink
http://tokubai.co.jp,	Food and Drink
http://woman.excite.co.jp,	Food and Drink
http://papajohns.com,	Food and Drink
http://eater.com,	Food and Drink
http://datavalet.io,	Food and Drink
http://mcdonalds.co.jp,	Food and Drink
http://theasianparent.com,	Food and Drink
http://kurashiru.com,	Food and Drink
http://nosalty.hu,	Food and Drink
http://lecker.de,	Food and Drink
http://polki.pl,	Food and Drink
http://750g.com,	Food and Drink
http://xiachufang.com,	Food and Drink
http://eda.ru,	Food and Drink
http://bonappetit.com,	Food and Drink
http://sej.co.jp,	Food and Drink
http://seriouseats.com,	Food and Drink
http://povar.ru,	Food and Drink
http://epicurious.com,	Food and Drink
http://ifood.com.br,	Food and Drink
http://tchibo.de,	Food and Drink
http://picdeer.com,	Food and Drink
http://1000.menu,	Food and Drink
http://styl.pl,	Food and Drink
http://coles.com.au,	Food and Drink
http://safeway.com,	Food and Drink
http://brigitte.de,	Food and Drink
http://aldi.co.uk,	Food and Drink
http://subway.com,	Food and Drink
http://suntory.co.jp,	Food and Drink
http://nespresso.com,	Food and Drink
http://publix.com,	Food and Drink
http://aldi-sued.de,	Food and Drink
http://myrecipes.com,	Food and Drink
http://flashtalking.com,	Food and Drink
http://foody.vn,	Food and Drink
http://lawson.co.jp,	Food and Drink
http://nit.pt,	Food and Drink
http://yemek.com	Food and Drink
http://hm.com,	Fashion
http://nike.com,	Fashion
http://asos.com,	Fashion
http://macys.com,	Fashion
http://zara.com,	Fashion
http://trendyol.com,	Fashion
http://shein.com,	Fashion
http://uniqlo.com,	Fashion
http://narvar.com,	Fashion
http://nordstrom.com,	Fashion
http://elle.com,	Fashion
http://zozo.jp,	Fashion
http://shop.nordstrom.com,	Fashion
http://zaful.com,	Fashion
http://gap.com,	Fashion
http://jcpenney.com,	Fashion
http://myntra.com,	Fashion
http://teespring.com,	Fashion
http://dafiti.com.br,	Fashion
http://insta-stalker.com,	Fashion
http://zalando.de,	Fashion
http://lamoda.ru,	Fashion
http://floryday.com,	Fashion
http://next.co.uk,	Fashion
http://zappos.com,	Fashion
http://fimela.com,	Fashion
http://farfetch.com,	Fashion
http://forever21.com,	Fashion
http://adj.st,	Fashion
http://mango.com,	Fashion
http://adidas.com,	Fashion
http://shop.mango.com,	Fashion
http://fashionnova.com,	Fashion
http://victoriassecret.com,	Fashion
http://urbanoutfitters.com,	Fashion
http://harpersbazaar.com,	Fashion
http://stockx.com,	Fashion
http://nordstromrack.com,	Fashion
http://vinted.fr,	Fashion
http://deichmann.com,	Fashion
http://laredoute.fr,	Fashion
http://bershka.com,	Fashion
http://anysearchmanager.com,	Fashion
http://boohoo.com,	Fashion
http://zalando.pl,	Fashion
http://storiesig.com,	Fashion
http://yoox.com,	Fashion
http://vip.com,	Fashion
http://privalia.com,	Fashion
http://c-and-a.com,	Fashion
http://bonprix.de,	Fashion
http://eobuwie.com.pl,	Fashion
http://vsco.co,	Fashion
http://zalando.it,	Fashion
http://dsw.com,	Fashion
http://lojasrenner.com.br,	Fashion
http://lcwaikiki.com,	Fashion
http://puma.com,	Fashion
http://bigcartel.com,	Fashion
http://pullandbear.com,	Fashion
http://hypebeast.com,	Fashion
http://jcrew.com,	Fashion
http://zalando.fr,	Fashion
http://reserved.com,	Fashion
http://ae.com,	Fashion
http://louisvuitton.com,	Fashion
http://footlocker.com,	Fashion
http://zattini.com.br,	Fashion
http://domodi.pl,	Fashion
http://missyusa.com,	Fashion
http://morhipo.com,	Fashion
http://shareasale-analytics.com,	Fashion
http://gucci.com,	Fashion
http://yesstyle.com,	Fashion
http://stradivarius.com,	Fashion
http://zalando.nl,	Fashion
http://hollisterco.com,	Fashion
http://roposo.com,	Fashion
http://levi.com,	Fashion
http://lulus.com,	Fashion
http://6pm.com,	Fashion
http://dotomi.com,	Fashion
http://flo.com.tr,	Fashion
http://finishline.com,	Fashion
http://glamour.es,	Fashion
http://sefamerve.com,	Fashion
http://wear.jp,	Fashion
http://stylecaster.com,	Fashion
http://riachuelo.com.br,	Fashion
http://belluna.jp,	Fashion
http://newlook.com,	Fashion
http://grailed.com,	Fashion
http://vans.com,	Fashion
http://anthropologie.com,	Fashion
http://hottopic.com,	Fashion
http://modanisa.com,	Fashion
http://llbean.com,	Fashion
http://endclothing.com,	Fashion
http://asos.fr,	Fashion
http://matalan.co.uk	Fashion
http://pandora.net,	Jewelry and Luxury
http://sunlight.net,	Jewelry and Luxury
http://jomashop.com,	Jewelry and Luxury
http://fossil.com,	Jewelry and Luxury
http://swarovski.com,	Jewelry and Luxury
http://rolex.com,	Jewelry and Luxury
http://evine.com,	Jewelry and Luxury
http://brilliantearth.com,	Jewelry and Luxury
http://jtv.com,	Jewelry and Luxury
http://watchuseek.com,	Jewelry and Luxury
http://chrono24.com,	Jewelry and Luxury
http://gearhungry.com,	Jewelry and Luxury
http://hiconsumption.com,	Jewelry and Luxury
http://mirraw.com,	Jewelry and Luxury
http://xbiao.com,	Jewelry and Luxury
http://shopandshow.ru,	Jewelry and Luxury
http://kay.com,	Jewelry and Luxury
http://hodinkee.com,	Jewelry and Luxury
http://bluenile.com,	Jewelry and Luxury
http://titan.co.in,	Jewelry and Luxury
http://tiffany.com,	Jewelry and Luxury
http://zales.com,	Jewelry and Luxury
http://improb.com,	Jewelry and Luxury
http://swatch.com,	Jewelry and Luxury
http://crazy-factory.com,	Jewelry and Luxury
http://watchshop.com,	Jewelry and Luxury
http://iwatch365.com,	Jewelry and Luxury
http://crazendemand.com,	Jewelry and Luxury
http://wbiao.cn,	Jewelry and Luxury
http://flywatch.co.kr,	Jewelry and Luxury
http://holzkern.com,	Jewelry and Luxury
http://seikowatches.com,	Jewelry and Luxury
http://vivara.com.br,	Jewelry and Luxury
http://niwaka.com,	Jewelry and Luxury
http://watchgang.com,	Jewelry and Luxury
http://bradfordexchange.com,	Jewelry and Luxury
http://omegawatches.com,	Jewelry and Luxury
http://tagheuer.com,	Jewelry and Luxury
http://alltime.ru,	Jewelry and Luxury
http://ablogtowatch.com,	Jewelry and Luxury
http://creationwatches.com,	Jewelry and Luxury
http://gold585.ru,	Jewelry and Luxury
http://hsamuel.co.uk,	Jewelry and Luxury
http://christ.de,	Jewelry and Luxury
http://shop.swatch.com,	Jewelry and Luxury
http://shoplc.com,	Jewelry and Luxury
http://cartier.com,	Jewelry and Luxury
http://jared.com,	Jewelry and Luxury
http://malabargoldanddiamonds.com,	Jewelry and Luxury
http://mvmtwatches.com,	Jewelry and Luxury
http://sokolov.ru,	Jewelry and Luxury
http://tissotwatches.com,	Jewelry and Luxury
http://invictastores.com,	Jewelry and Luxury
http://caratlane.com,	Jewelry and Luxury
http://watch.ru,	Jewelry and Luxury
http://pandahall.com,	Jewelry and Luxury
http://tous.com,	Jewelry and Luxury
http://dolcegabbana.com,	Jewelry and Luxury
http://gilt.jp,	Jewelry and Luxury
http://gemporia.com,	Jewelry and Luxury
http://bellroy.com,	Jewelry and Luxury
http://fashion.sina.com.cn,	Jewelry and Luxury
http://apart.pl,	Jewelry and Luxury
http://design-dtp.net,	Jewelry and Luxury
http://histoiredor.com,	Jewelry and Luxury
http://jamesallen.com,	Jewelry and Luxury
http://montblanc.com,	Jewelry and Luxury
http://casio-europe.com,	Jewelry and Luxury
http://dreamlandjewelry.com,	Jewelry and Luxury
http://mynamenecklace.com,	Jewelry and Luxury
http://tanishq.co.in,	Jewelry and Luxury
http://wingwahwatch.com,	Jewelry and Luxury
http://hublot.com,	Jewelry and Luxury
http://yes24.vn,	Jewelry and Luxury
http://jewlr.com,	Jewelry and Luxury
http://fratellowatches.com,	Jewelry and Luxury
http://voylla.com,	Jewelry and Luxury
http://thomassabo.com,	Jewelry and Luxury
http://chrono24.de,	Jewelry and Luxury
http://firemountaingems.com,	Jewelry and Luxury
http://longislandwatch.com,	Jewelry and Luxury
http://rolexforums.com,	Jewelry and Luxury
http://wornandwound.com,	Jewelry and Luxury
http://585zolotoy.ru,	Jewelry and Luxury
http://uhrzeit.org,	Jewelry and Luxury
http://donghohaitrieu.com,	Jewelry and Luxury
http://tjc.co.uk,	Jewelry and Luxury
http://jeulia.com,	Jewelry and Luxury
http://maty.com,	Jewelry and Luxury
http://goldsmiths.co.uk,	Jewelry and Luxury
http://unique-vintage.com,	Jewelry and Luxury
http://jamesavery.com,	Jewelry and Luxury
http://bobswatches.com,	Jewelry and Luxury
http://eclock.com.br,	Jewelry and Luxury
http://vincerowatches.com,	Jewelry and Luxury
http://patek.com,	Jewelry and Luxury
http://chrono24.it,	Jewelry and Luxury
http://zegarownia.pl,	Jewelry and Luxury
http://monochrome-watches.com,	Jewelry and Luxury
http://citizenwatch.com	Jewelry and Luxury
http://drom.ru, 	Vehicles
http://drive2.ru, 	Vehicles
http://autohome.com.cn, 	Vehicles
http://cargurus.com, 	Vehicles
http://mobile.de, 	Vehicles
http://auto.ru, 	Vehicles
http://auto.mail.ru, 	Vehicles
http://flightradar24.com, 	Vehicles
http://auto.drom.ru, 	Vehicles
http://autotrader.com, 	Vehicles
http://autozone.com, 	Vehicles
http://autotrader.co.uk, 	Vehicles
http://carview.co.jp, 	Vehicles
http://carfax.com, 	Vehicles
http://auto.ria.com, 	Vehicles
http://motorsport.com, 	Vehicles
http://cars.com, 	Vehicles
http://kbb.com, 	Vehicles
http://jalopnik.com, 	Vehicles
http://farpost.ru, 	Vehicles
http://autoscout24.de, 	Vehicles
http://edmunds.com, 	Vehicles
http://windy.com, 	Vehicles
http://justanswer.com, 	Vehicles
http://carsensor.net, 	Vehicles
http://rockauto.com, 	Vehicles
http://tesla.com, 	Vehicles
http://advanceautoparts.com,	Vehicles
http://shop.advanceautoparts.com,	Vehicles
http://caradisiac.com, 	Vehicles
http://exist.ru, 	Vehicles
http://goo-net.com, 	Vehicles
http://webmotors.com.br,	Vehicles
http://cardekho.com, 	Vehicles
http://formula1.com, 	Vehicles
http://autokult.pl, 	Vehicles
http://carid.com, 	Vehicles
http://ford.com, 	Vehicles
http://pcauto.com.cn, 	Vehicles
http://auto-swiat.pl,	Vehicles
http://gridoto.com, 	Vehicles
http://rst.ua, 	Vehicles
http://zigwheels.com, 	Vehicles
http://icarros.com.br, 	Vehicles
http://motor1.com, 	Vehicles
http://carmax.com, 	Vehicles
http://motor-talk.de, 	Vehicles
http://coches.net, 	Vehicles
http://car.gr, 	Vehicles
http://autoscout24.it,	Vehicles
http://kia.com, 	Vehicles
http://popularmechanics.com, 	Vehicles
http://lacentrale.fr,	Vehicles
http://oreillyauto.com, 	Vehicles
http://zr.ru, 	Vehicles
http://carsales.com.au, 	Vehicles
http://response.jp, 	Vehicles
http://hasznaltauto.hu, 	Vehicles
http://caranddriver.com,	Vehicles
http://droom.in, 	Vehicles
http://toyota.com,	Vehicles
http://comsys.co.jp, 	Vehicles
http://autoblog.com, 	Vehicles
http://summitracing.com,	Vehicles
http://emex.ru, 	Vehicles
http://carwale.com, 	Vehicles
http://xcar.com.cn, 	Vehicles
http://autobild.de, 	Vehicles
http://yiche.com, 	Vehicles
http://auto.ndtv.com, 	Vehicles
http://cars.usnews.com, 	Vehicles
http://adac.de, 	Vehicles
http://gasbuddy.com, 	Vehicles
http://copart.com, 	Vehicles
http://volvocars.com, 	Vehicles
http://bobaedream.co.kr, 	Vehicles
http://honda.com, 	Vehicles
http://nascar.com, 	Vehicles
http://mobile.bg, 	Vehicles
http://honda.co.jp, 	Vehicles
http://nn.ru, 	Vehicles
http://xn--90adear.xn, 	Vehicles
http://autoforum.cz, 	Vehicles
http://truecar.com, 	Vehicles
http://blablacar.fr, 	Vehicles
http://oto.com, 	Vehicles
http://garaz.cz, 	Vehicles
http://autos.mercadolibre.com.ar, 	Vehicles
http://f1-gate.com, 	Vehicles
http://autotrader.ca, 	Vehicles
http://oscaro.com, 	Vehicles
http://pistonheads.com, 	Vehicles
http://nissan.co.jp, 	Vehicles
http://buick.com.cn, 	Vehicles
http://newatlas.com, 	Vehicles
http://citroen.com.br, 	Vehicles
http://nettiauto.com, 	Vehicles
http://carsforsale.com, 	Vehicles
http://renaultsamsungm.com, 	Vehicles
http://bikedekho.com	Vehicles
http://homedepot.com, 	Home and Garden
http://ikea.com, 	Home and Garden
http://lowes.com,	Home and Garden
http://leroymerlin.fr,	Home and Garden
http://harborfreight.com,	Home and Garden
http://consumerreports.org,	Home and Garden
http://screwfix.com, 	Home and Garden
http://houzz.com, 	Home and Garden
http://leroymerlin.ru, 	Home and Garden
http://fixya.com, 	Home and Garden
http://diy.com, 	Home and Garden
http://menards.com, 	Home and Garden
http://goodhousekeeping.com, 	Home and Garden
http://hgtv.com, 	Home and Garden
http://manomano.fr, 	Home and Garden
http://hunker.com, 	Home and Garden
http://vseinstrumenti.ru, 	Home and Garden
http://obi.de, 	Home and Garden
http://bunnings.com.au, 	Home and Garden
http://homeadvisor.com, 	Home and Garden
http://smarter.com, 	Home and Garden
http://nitori-net.jp, 	Home and Garden
http://homedepot.ca, 	Home and Garden
http://wayfair.co.uk, 	Home and Garden
http://which.co.uk, 	Home and Garden
http://leroymerlin.es, 	Home and Garden
http://castorama.fr, 	Home and Garden
http://hornbach.de, 	Home and Garden
http://hisense.com, 	Home and Garden
http://bhg.com, 	Home and Garden
http://bbb.org, 	Home and Garden
http://wayfair.ca, 	Home and Garden
http://sikayetvar.com, 	Home and Garden
http://paragonrels.com, 	Home and Garden
http://countryliving.com, 	Home and Garden
http://gardeningknowhow.com, 	Home and Garden
http://familyhandyman.com, 	Home and Garden
http://afamily.vn, 	Home and Garden
http://wickes.co.uk, 	Home and Garden
http://kurashi-no.jp, 	Home and Garden
http://leroymerlin.com.br, 	Home and Garden
http://madeiramadeira.com.br, 	Home and Garden
http://7dach.ru, 	Home and Garden
http://220-volt.ru, 	Home and Garden
http://bauhaus.info, 	Home and Garden
http://diynetwork.com, 	Home and Garden
http://leroymerlin.pl, 	Home and Garden
http://marthastewart.com, 	Home and Garden
http://sravni.ru, 	Home and Garden
http://acehardware.com,	Home and Garden
http://joann.com, 	Home and Garden
http://maisonsdumonde.com, 	Home and Garden
http://dunelm.com, 	Home and Garden
http://sodimac.cl, 	Home and Garden
http://quechoisir.org, 	Home and Garden
http://muratordom.pl, 	Home and Garden
http://thumbtack.com, 	Home and Garden
http://conforama.fr, 	Home and Garden
http://uhaul.com, 	Home and Garden
http://doityourself.com, 	Home and Garden
http://spareroom.co.uk, 	Home and Garden
http://toolstation.com, 	Home and Garden
http://apartmenttherapy.com, 	Home and Garden
http://znanylekarz.pl, 	Home and Garden
http://ashleyfurniture.com, 	Home and Garden
http://leroymerlin.it, 	Home and Garden
http://goodhouse.ru, 	Home and Garden
http://homebase.co.uk, 	Home and Garden
http://mein-schoener-garten.de, 	Home and Garden
http://rewardpromo.com, 	Home and Garden
http://dedeman.ro, 	Home and Garden
http://consumeraffairs.com, 	Home and Garden
http://hometalk.com, 	Home and Garden
http://manomano.it, 	Home and Garden
http://homedepot.com.mx,	Home and Garden
http://oeffnungszeitenbuch.de,	Home and Garden
http://rustica.fr, 	Home and Garden
http://gamma.nl, 	Home and Garden
http://mymail.co.uk, 	Home and Garden
http://bestreviews.com, 	Home and Garden
http://but.fr, 	Home and Garden
http://uswitch.com, 	Home and Garden
http://potterybarn.com, 	Home and Garden
http://britishgas.co.uk, 	Home and Garden
http://northerntool.com, 	Home and Garden
http://ehow.com, 	Home and Garden
http://toom.de, 	Home and Garden
http://consumer.es, 	Home and Garden
http://hoff.ru, 	Home and Garden
http://searspartsdirect.com, 	Home and Garden
http://mouthshut.com, 	Home and Garden
http://therange.co.uk, 	Home and Garden
http://utility.discount, 	Home and Garden
http://pepperfry.com, 	Home and Garden
http://bobvila.com, 	Home and Garden
http://gammvert.fr, 	Home and Garden
http://elcats.ru, 	Home and Garden
http://jula.se, 	Home and Garden
http://finance.orange.fr, 	Home and Garden
http://praxis.nl	Home and Garden
http://booking.com, 	Travel and Tourism
http://tripadvisor.com, 	Travel and Tourism
http://eastday.com, 	Travel and Tourism
http://airbnb.com, 	Travel and Tourism
http://uber.com, 	Travel and Tourism
http://expedia.com, 	Travel and Tourism
http://tianya.cn, 	Travel and Tourism
http://hotels.com, 	Travel and Tourism
http://ryanair.com, 	Travel and Tourism
http://agoda.com, 	Travel and Tourism
http://ctrip.com, 	Travel and Tourism
http://jalan.net, 	Travel and Tourism
http://irctc.co.in, 	Travel and Tourism
http://tripadvisor.co.uk, 	Travel and Tourism
http://southwest.com, 	Travel and Tourism
http://marriott.com, 	Travel and Tourism
http://navitime.co.jp, 	Travel and Tourism
http://kayak.com, 	Travel and Tourism
http://traveloka.com, 	Travel and Tourism
http://aa.com, 	Travel and Tourism
http://delta.com, 	Travel and Tourism
http://bahn.de, 	Travel and Tourism
http://travel.rakuten.co.jp, 	Travel and Tourism
http://makemytrip.com, 	Travel and Tourism
http://tripadvisor.it, 	Travel and Tourism
http://tutu.ru, 	Travel and Tourism
http://thetrainline.com, 	Travel and Tourism
http://skyscanner.net, 	Travel and Tourism
http://united.com, 	Travel and Tourism
http://tripadvisor.fr, 	Travel and Tourism
http://mafengwo.cn, 	Travel and Tourism
http://latam.com, 	Travel and Tourism
http://indianrail.gov.in, 	Travel and Tourism
http://hilton.com, 	Travel and Tourism
http://priceline.com, 	Travel and Tourism
http://easyjet.com, 	Travel and Tourism
http://oui.sncf, 	Travel and Tourism
http://tripadvisor.jp, 	Travel and Tourism
http://tripadvisor.es, 	Travel and Tourism
http://rzd.ru, 	Travel and Tourism
http://cheapoair.com, 	Travel and Tourism
http://flightaware.com, 	Travel and Tourism
http://trivago.com, 	Travel and Tourism
http://tripadvisor.ru, 	Travel and Tourism
http://wizzair.com, 	Travel and Tourism
http://vrbo.com, 	Travel and Tourism
http://airasia.com, 	Travel and Tourism
http://goibibo.com, 	Travel and Tourism
http://ana.co.jp, 	Travel and Tourism
http://airbnb.fr, 	Travel and Tourism
http://tripadvisor.com.br, 	Travel and Tourism
http://theculturetrip.com, 	Travel and Tourism
http://railyatri.in, 	Travel and Tourism
http://tripadvisor.de, 	Travel and Tourism
http://rome2rio.com, 	Travel and Tourism
http://googletraveladservices.com, 	Travel and Tourism
http://ihg.com, 	Travel and Tourism
http://aviasales.ru, 	Travel and Tourism
http://tripadvisor.in, 	Travel and Tourism
http://lefrecce.it, 	Travel and Tourism
http://airbnb.co.uk, 	Travel and Tourism
http://trip.com, 	Travel and Tourism
http://rentalcars.com, 	Travel and Tourism
http://jal.co.jp, 	Travel and Tourism
http://ulifestyle.com.hk, 	Travel and Tourism
http://trenitalia.com, 	Travel and Tourism
http://emirates.com, 	Travel and Tourism
http://accorhotels.com,	Travel and Tourism
http://travelocity.com, 	Travel and Tourism
http://decolar.com, 	Travel and Tourism
http://sulekha.com, 	Travel and Tourism
http://12306.cn, 	Travel and Tourism
http://skyscanner.com, 	Travel and Tourism
http://lonelyplanet.com, 	Travel and Tourism
http://tripsavvy.com, 	Travel and Tourism
http://mta.info, 	Travel and Tourism
http://britishairways.com, 	Travel and Tourism
http://indiarailinfo.com, 	Travel and Tourism
http://cdn-net.com, 	Travel and Tourism
http://redbus.in, 	Travel and Tourism
http://bigmir.net, 	Travel and Tourism
http://turkishairlines.com, 	Travel and Tourism
http://viator.com, 	Travel and Tourism
http://tripadvisor.ca, 	Travel and Tourism
http://nps.gov, 	Travel and Tourism
http://nationalrail.co.uk,	Travel and Tourism
http://travel.co.jp, 	Travel and Tourism
http://qunar.com, 	Travel and Tourism
http://ghanaweb.com, 	Travel and Tourism
http://aaa.com, 	Travel and Tourism
http://jetblue.com, 	Travel and Tourism
http://holidaycheck.de, 	Travel and Tourism
http://4travel.jp, 	Travel and Tourism
http://orbitz.com, 	Travel and Tourism
http://lufthansa.com, 	Travel and Tourism
http://renfe.com, 	Travel and Tourism
http://ns.nl, 	Travel and Tourism
http://lastminute.com, 	Travel and Tourism
http://travelask.ru, 	Travel and Tourism
http://alaskaair.com	Travel and Tourism
